<?xml version="1.0" encoding="UTF-8"?>
<project-private xmlns="http://www.netbeans.org/ns/project-private/1">
    <editor-bookmarks xmlns="http://www.netbeans.org/ns/editor-bookmarks/2" lastBookmarkId="0"/>
    <open-files xmlns="http://www.netbeans.org/ns/projectui-open-files/2">
        <group>
            <file>file:/C:/Users/utpl/Desktop/Bimestral2Java/src/paquete02/Traje.java</file>
            <file>file:/C:/Users/utpl/Desktop/Bimestral2Java/src/paquete02/TrajeInformal.java</file>
            <file>file:/C:/Users/utpl/Desktop/Bimestral2Java/src/paquete01/Cliente.java</file>
            <file>file:/C:/Users/utpl/Desktop/Bimestral2Java/src/paquete02/TrajeFormal.java</file>
            <file>file:/C:/Users/utpl/Desktop/Bimestral2Java/src/paquete02/TrajeActividadesFisicas.java</file>
            <file>file:/C:/Users/utpl/Desktop/Bimestral2Java/src/paquete01/Principal.java</file>
        </group>
    </open-files>
</project-private>
